position,team,played,won,drawn,lost,goals_for,goals_against,goal_difference,points,year
17,Deportivo La Coruña,38.0,8,15,15,37,48,−11,31,1991-92
3,Deportivo La Coruña,38.0,22,10,6,67,33,+34,54,1992-93
2,Deportivo La Coruña,38.0,22,12,4,54,18,+36,56,1993-94
2,Deportivo La Coruña,38.0,20,11,7,68,32,+36,51,1994-95
9,Deportivo La Coruña,42.0,16,13,13,63,44,+19,61,1995-96
3,Deportivo La Coruña,42.0,21,14,7,57,30,+27,77,1996-97
12,Deportivo La Coruña,38.0,12,13,13,44,46,−2,49,1997-98
6,Deportivo La Coruña,38.0,17,12,9,55,43,+12,63,1998-99
1,Deportivo La Coruña,38.0,21,6,11,66,44,+22,69,1999-2000
