position,team,played,won,drawn,lost,goals_for,goals_against,goal_difference,points,year
5,Sporting Gijón,38.0,16,12,10,50,37,+13,44,1990-91
8,Sporting Gijón,38.0,15,8,15,37,43,−6,38,1991-92
12,Sporting Gijón,38.0,11,12,15,38,57,−19,34,1992-93
14,Sporting Gijón,38.0,15,5,18,42,57,−15,35,1993-94
18,Sporting Gijón,38.0,8,12,18,42,67,−25,28,1994-95
18,Sporting Gijón,42.0,13,7,22,51,60,−9,46,1995-96
15,Sporting Gijón,42.0,13,11,18,45,63,−18,50,1996-97
20,Sporting Gijón,38.0,2,7,29,31,80,−49,13,1997-98
