position,team,played,won,drawn,lost,goals_for,goals_against,goal_difference,points,year
9,Athletic Bilbao,34.0,15,4,15,39,32,+7,34,1971-72
9,Athletic Bilbao,34.0,12,9,13,41,38,+3,33,1972-73
5,Athletic Bilbao,34.0,15,7,12,35,31,+4,37,1973-74
10,Athletic Bilbao,34.0,13,7,14,40,42,−2,33,1974-75
5,Athletic Bilbao,34.0,14,11,9,43,38,+5,39,1975-76
3,Athletic Bilbao,34.0,15,8,11,55,45,+10,38,1976-77
3,Athletic Bilbao,34.0,16,8,10,62,36,+26,40,1977-78
9,Athletic Bilbao,34.0,12,10,12,56,46,+10,34,1978-79
7,Athletic Bilbao,34.0,15,5,14,52,44,+8,35,1979-80
