position,team,played,won,drawn,lost,goals_for,goals_against,goal_difference,points
1,Barcelona,38,30,6,2,95,21,+74,96
2,Real Madrid,38,29,5,4,102,33,+69,92
3,Valencia,38,21,8,9,64,44,+20,71
4,Villarreal,38,18,8,12,54,44,+10,62
5,Sevilla,38,17,7,14,62,61,+1,58
6,Athletic Bilbao,38,18,4,16,59,55,+4,58
7,Atlético Madrid,38,17,7,14,62,53,+9,58
8,Espanyol,38,15,4,19,46,55,−9,49
9,Osasuna,38,13,8,17,45,46,−1,47
10,Sporting Gijón,38,11,14,13,35,42,−7,47
11,Málaga,38,13,7,18,54,68,−14,46
12,Racing Santander,38,12,10,16,41,56,−15,46
13,Zaragoza,38,12,9,17,40,53,−13,45
14,Levante,38,12,9,17,41,52,−11,45
15,Real Sociedad,38,14,3,21,49,66,−17,45
16,Getafe,38,12,8,18,49,60,−11,44
17,Mallorca,38,12,8,18,41,56,−15,44
18,Deportivo La Coruña,38,10,13,15,31,47,−16,43
19,Hércules,38,9,8,21,36,60,−24,35
20,Almería,38,6,12,20,36,70,−34,30
