position,team,played,won,drawn,lost,goals_for,goals_against,goal_difference,points
1,Real Madrid,38,23,7,8,66,40,+26,76
2,Barcelona,38,22,10,6,78,33,+45,76
3,Sevilla,38,21,8,9,64,35,+29,71
4,Valencia,38,20,6,12,57,42,+15,66
5,Villarreal,38,18,8,12,48,44,+4,62
6,Zaragoza,38,16,12,10,55,43,+12,60
7,Atlético Madrid,38,17,9,12,46,39,+7,60
8,Recreativo,38,15,9,14,54,52,+2,54
9,Getafe,38,14,10,14,39,33,+6,52
10,Racing Santander,38,12,14,12,42,48,−6,50
11,Espanyol,38,12,13,13,46,53,−7,49
12,Mallorca,38,14,7,17,41,47,−6,49
13,Deportivo La Coruña,38,12,11,15,32,45,−13,47
14,Osasuna,38,13,7,18,51,49,+2,46
15,Levante,38,10,12,16,37,53,−16,42
16,Real Betis,38,8,16,14,36,49,−13,40
17,Athletic Bilbao,38,10,10,18,44,62,−18,40
18,Celta de Vigo,38,10,9,19,40,59,−19,39
19,Real Sociedad,38,8,11,19,32,47,−15,35
20,Gimnàstic,38,7,7,24,34,69,−35,28
