position,team,played,won,drawn,lost,goals_for,goals_against,goal_difference,points,year
3,Atlético Madrid,34,17,8,9,59,41,+18,42,1980-81
8,Atlético Madrid,34,15,4,15,38,37,+1,34,1981-82
3,Atlético Madrid,34,20,6,8,56,38,+18,46,1982-83
4,Atlético Madrid,34,17,8,9,53,47,+6,42,1983-84
2,Atlético Madrid,34,16,11,7,51,28,+23,43,1984-85
5,Atlético Madrid,34,17,8,9,53,38,+15,42,1985-86
3,Atlético Madrid,38,19,10,9,60,38,+22,48,1987-88
4,Atlético Madrid,38,19,8,11,69,45,+24,46,1988-89
4,Atlético Madrid,38,20,10,8,55,35,+20,50,1989-90
