position,team,played,won,drawn,lost,goals_for,goals_against,goal_difference,points,year
2,Real Madrid,34,20,5,9,66,37,+29,45,1980-81
3,Real Madrid,34,18,8,8,57,34,+23,44,1981-82
2,Real Madrid,34,20,9,5,57,25,+32,49,1982-83
2,Real Madrid,34,22,5,7,59,37,+22,49,1983-84
5,Real Madrid,34,13,10,11,46,36,+10,36,1984-85
1,Real Madrid,34,26,4,4,83,33,+50,56,1985-86
1,Real Madrid,38,28,6,4,95,26,+69,62,1987-88
1,Real Madrid,38,25,12,1,91,37,+54,62,1988-89
1,Real Madrid,38,26,10,2,107,38,+69,62,1989-90
