position,team,played,won,drawn,lost,goals_for,goals_against,goal_difference,points,year
1,Real Sociedad,34,19,7,8,52,29,+23,45,1980-81
1,Real Sociedad,34,20,7,7,58,33,+25,47,1981-82
7,Real Sociedad,34,12,12,10,29,27,+2,36,1982-83
6,Real Sociedad,34,14,9,11,43,35,+8,37,1983-84
7,Real Sociedad,34,11,12,11,41,33,+8,34,1984-85
7,Real Sociedad,34,17,5,12,64,51,+13,39,1985-86
2,Real Sociedad,38,22,7,9,61,33,+28,51,1987-88
11,Real Sociedad,38,11,14,13,38,47,−9,36,1988-89
5,Real Sociedad,38,15,14,9,43,35,+8,44,1989-90
