position,team,played,won,drawn,lost,goals_for,goals_against,goal_difference,points,year
7,Sporting Gijón,34,14,10,10,58,40,+18,38,1980-81
14,Sporting Gijón,34,10,9,15,38,44,−6,29,1981-82
8,Sporting Gijón,34,9,15,10,31,32,−1,33,1982-83
13,Sporting Gijón,34,11,8,15,38,47,−9,30,1983-84
4,Sporting Gijón,34,13,15,6,34,23,+11,41,1984-85
6,Sporting Gijón,34,13,15,6,37,27,+10,41,1985-86
9,Sporting Gijón,38,14,10,14,44,49,−5,38,1987-88
13,Sporting Gijón,38,13,9,16,42,42,0,35,1988-89
13,Sporting Gijón,38,12,10,16,37,34,+3,34,1989-90
