position,team,played,won,drawn,lost,goals_for,goals_against,goal_difference,points,year
12,Valladolid,34,9,13,12,40,46,−6,31,1980-81
9,Valladolid,34,13,8,13,40,53,−13,34,1981-82
12,Valladolid,34,9,11,14,34,51,−17,29,1982-83
14,Valladolid,34,11,7,16,44,60,−16,29,1983-84
13,Valladolid,34,7,16,11,39,45,−6,30,1984-85
10,Valladolid,34,13,6,15,54,48,+6,32,1985-86
8,Valladolid,38,13,12,13,31,34,−3,38,1987-88
6,Valladolid,38,18,7,13,40,31,+9,43,1988-89
16,Valladolid,38,8,14,16,31,41,−10,30,1989-90
