position,team,played,won,drawn,lost,goals_for,goals_against,goal_difference,points,year
6,Valladolid,30,14,5,11,51,51,0,33,1950-51
8,Valladolid,30,9,11,10,47,43,+4,29,1951-52
12,Valladolid,30,10,5,15,48,54,−6,25,1952-53
12,Valladolid,30,12,5,13,50,60,−10,29,1953-54
9,Valladolid,30,11,5,14,48,56,−8,27,1954-55
9,Valladolid,30,13,4,13,52,55,−3,30,1955-56
8,Valladolid,30,11,6,13,52,58,−6,28,1956-57
15,Valladolid,30,9,5,16,45,73,−28,23,1957-58
13,Valladolid,30,11,3,16,48,61,−13,25,1959-60
